post_id,platform,user_id,user_name_x,created_at,text,likes,comments,shares,sentiment_label,country_x,date,hour,engagement,text_clean,hashtag_list,user_name_y,country_y,language,account_type,followers_count,verified,join_date,age_group,gender,industry
P00001,Facebook,U035,hoa.le,2025-02-22 16:06:00,    Feeling  great  today  with  #sale!  Comment  your  thoughts  @review.channel  https://tiktok.com/@brandx      ,1395,436,26,positive,UK,2025-02-22,16,1857,feeling great today with #sale! comment your thoughts @review.channel https://tiktok.com/@brandx,['#sale'],travel.with.me 🔥,Korea,fr,personal,4505,False,2020-10-08,18-24,male,Entertainment
P00074,Twitter,U035,brandX_official,2025-03-04 13:42:00,KHÁCH HÀNG NÓI GÌ VỀ BRAND X? #WINTER #TRAVEL @GAME.STREAM XEM CHI TIẾT TẠI HTTPS://EXAMPLE.COM/BLOG 😂,1132,401,205,neutral,Vietnam,2025-03-04,13,1738,khách hàng nói gì về brand x? #winter #travel @game.stream xem chi tiết tại https://example.com/blog 😂,"['#winter', '#travel']",travel.with.me 🔥,Korea,fr,personal,4505,False,2020-10-08,18-24,male,Entertainment
P00128,TikTok,U035,lan.tran,2025-01-13 11:14:00,  Big update: #noel is now available. Limited promo #sale @foodlover https://example.com/blog    😂,0,327,438,positive,Vietnam,2025-01-13,11,765,big update: #noel is now available. limited promo #sale @foodlover https://example.com/blog 😂,"['#noel', '#sale']",travel.with.me 🔥,Korea,fr,personal,4505,False,2020-10-08,18-24,male,Entertainment
P00005,Twitter,U011,chef.tasty,2025-03-26 16:10:00,check out our new campaign #tiktoktrend on twitter! thanks @review.channel for sharing the news. https://youtu.be/xyz123 😂,1870,198,293,neutral,Vietnam,2025-03-26,16,2361,check out our new campaign #tiktoktrend on twitter! thanks @review.channel for sharing the news. https://youtu.be/xyz123 😂,['#tiktoktrend'], REVIEW.CHANNEL665 ,France,fr,personal,1397,True,,45-54,other,Travel
P00141,TikTok,U011,movie_buff,2025-01-03 08:30:00,  BIG UPDATE: #TIKTOKTREND IS NOW AVAILABLE. LIMITED PROMO #HOTTREND @JOHN.SMITH HTTPS://TIKTOK.COM/@BRANDX   ,0,220,0,negative,UK,2025-01-03,8,220,big update: #tiktoktrend is now available. limited promo #hottrend @john.smith https://tiktok.com/@brandx,"['#tiktoktrend', '#hottrend']", REVIEW.CHANNEL665 ,France,fr,personal,1397,True,,45-54,other,Travel
P00006,Twitter,U076,hoa.le,2025-03-22 19:00:00,Bạn đã thử sản phẩm mới chưa? #vlog @daily.vlog Review ngay tại https://tiktok.com/@brandx,244,327,147,negative,Germany,2025-03-22,19,718,bạn đã thử sản phẩm mới chưa? #vlog @daily.vlog review ngay tại https://tiktok.com/@brandx,['#vlog'],game.stream830,Thailand,ko,personal,4643,False,,45-54,male,Education
P00240,TikTok,U076,tech.guru,2025-02-23 04:04:00,LIVE STREAM ON TIKTOK TONIGHT! #SALE #WINTER JOIN US @HOA.LE HTTPS://BRANDX.COM,1978,666,502,negative,Thailand,2025-02-23,4,3146,live stream on tiktok tonight! #sale #winter join us @hoa.le https://brandx.com,"['#sale', '#winter']",game.stream830,Thailand,ko,personal,4643,False,,45-54,male,Education
P00010,Facebook,U021,lifeoflinh,2025-01-10 06:55:00,TOP 5 TIPS FOR BETTER RESULTS WITH BRAND X #SUMMER @FOODLOVER MORE INFO: HTTPS://BRANDX.COM 👍,234,0,265,positive,UK,2025-01-10,6,499,top 5 tips for better results with brand x #summer @foodlover more info: https://brandx.com 👍,['#summer'],MOVIE_BUFF,Japan,fr,brand,66958,True,,25-34,other,Sports
P00265,TikTok,U021,game.stream,2025-02-17 05:10:00,  Top 5 tips for better results with Brand X #sale @game.stream More info: https://youtu.be/xyz123    👍,603,71,230,positive,Germany,2025-02-17,5,904,top 5 tips for better results with brand x #sale @game.stream more info: https://youtu.be/xyz123 👍,['#sale'],MOVIE_BUFF,Japan,fr,brand,66958,True,,25-34,other,Sports
P00012,Facebook,U045,ngoc.trinh,2025-03-27 22:19:00,  FEELING GREAT TODAY WITH #BLACKFRIDAY! COMMENT YOUR THOUGHTS @BRANDX_OFFICIAL HTTPS://TIKTOK.COM/@BRANDX    ❤️,2116,263,284,positive,Japan,2025-03-27,22,2663,feeling great today with #blackfriday! comment your thoughts @brandx_official https://tiktok.com/@brandx ❤️,['#blackfriday'], FOOTBALL_FEVER279 ,Japan,ko,personal,3142,False,,18-24,male,Sports
P00456,YouTube,U045,daily.vlog,2025-01-31 22:20:00,  CHECK OUT OUR NEW CAMPAIGN #BRANDX ON YOUTUBE! THANKS @LIFEOFLINH FOR SHARING THE NEWS. HTTP://BIT.LY/DEAL   ,2253,499,303,neutral,Thailand,2025-01-31,22,3055,check out our new campaign #brandx on youtube! thanks @lifeoflinh for sharing the news. http://bit.ly/deal,['#brandx'], FOOTBALL_FEVER279 ,Japan,ko,personal,3142,False,,18-24,male,Sports
P00016,YouTube,U078,chef.tasty,2025-02-14 06:37:00,FEELING GREAT TODAY WITH #NEWPRODUCT! COMMENT YOUR THOUGHTS @MOVIE_BUFF HTTPS://YOUTU.BE/XYZ123,3456,323,0,positive,Korea,2025-02-14,6,3779,feeling great today with #newproduct! comment your thoughts @movie_buff https://youtu.be/xyz123,['#newproduct'], daily.vlog ,France,fr,personal,1129,False,,25-34,other,Travel
P00038,TikTok,U017,hoa.le,2025-01-24 01:17:00,Check  out  our  new  campaign  #blackfriday  on  TikTok!  Thanks  @daily.vlog  for  sharing  the  news.  http://bit.ly/deal  👍,205,124,0,positive,Japan,2025-01-24,1,329,check out our new campaign #blackfriday on tiktok! thanks @daily.vlog for sharing the news. http://bit.ly/deal 👍,['#blackfriday'], CHEF.TASTY777  🔥,Thailand,en,personal,275,False,,45-54,male,Education
P00238,Facebook,U017,music_fan,2025-01-10 07:12:00,BẠN ĐÃ THỬ SẢN PHẨM MỚI CHƯA? #SUMMER @DAILY.VLOG REVIEW NGAY TẠI HTTP://BIT.LY/DEAL 😀,512,141,121,positive,Germany,2025-01-10,7,774,bạn đã thử sản phẩm mới chưa? #summer @daily.vlog review ngay tại http://bit.ly/deal 😀,['#summer'], CHEF.TASTY777  🔥,Thailand,en,personal,275,False,,45-54,male,Education
P00040,Facebook,U020,brandX_official,2025-03-27 09:35:00,  Khách hàng nói gì về Brand X? #music #promo @ngoc.trinh Xem chi tiết tại https://tiktok.com/@brandx    😂,1641,291,367,negative,Korea,2025-03-27,9,2299,khách hàng nói gì về brand x? #music #promo @ngoc.trinh xem chi tiết tại https://tiktok.com/@brandx 😂,"['#music', '#promo']", hoa.le165  ⭐,Vietnam,th,personal,4828,True,,,female,Technology  😀
P00175,YouTube,U020,ngoc.trinh,2025-02-21 19:48:00,    Bạn  đã  thử  sản  phẩm  mới  chưa?  #vlog  @john.smith  Review  ngay  tại  https://tiktok.com/@brandx        💥,4137,0,557,negative,Korea,2025-02-21,19,4694,bạn đã thử sản phẩm mới chưa? #vlog @john.smith review ngay tại https://tiktok.com/@brandx 💥,['#vlog'], hoa.le165  ⭐,Vietnam,th,personal,4828,True,,,female,Technology  😀
P00180,Twitter,U020,chef.tasty,2025-02-25 00:53:00,TOP 5 TIPS FOR BETTER RESULTS WITH BRAND X #PROMO @MUSIC_FAN MORE INFO: HTTPS://YOUTU.BE/XYZ123 😂,0,0,195,negative,UK,2025-02-25,0,195,top 5 tips for better results with brand x #promo @music_fan more info: https://youtu.be/xyz123 😂,['#promo'], hoa.le165  ⭐,Vietnam,th,personal,4828,True,,,female,Technology  😀
P00053,YouTube,U054,daily.vlog,2025-03-05 10:51:00,  FEELING GREAT TODAY WITH #FOOTBALL! COMMENT YOUR THOUGHTS @MOVIE_BUFF HTTPS://EXAMPLE.COM/BLOG   ,3407,754,500,positive,Vietnam,2025-03-05,10,4661,feeling great today with #football! comment your thoughts @movie_buff https://example.com/blog,['#football'], john.smith343 ,Thailand,en,personal,1461,True,,35-44,female,Food & Beverage
P00446,Twitter,U054,game.stream,2025-03-06 08:00:00,Bạn đã thử sản phẩm mới chưa? #giveaway @hoa.le Review ngay tại http://bit.ly/deal ❤️,0,262,341,positive,Thailand,2025-03-06,8,603,bạn đã thử sản phẩm mới chưa? #giveaway @hoa.le review ngay tại http://bit.ly/deal ❤️,['#giveaway'], john.smith343 ,Thailand,en,personal,1461,True,,35-44,female,Food & Beverage
P00070,TikTok,U062,movie_buff,2025-02-17 11:14:00,Bạn đã thử sản phẩm mới chưa? #vlog @tech.guru Review ngay tại https://tiktok.com/@brandx,0,105,0,neutral,UK,2025-02-17,11,105,bạn đã thử sản phẩm mới chưa? #vlog @tech.guru review ngay tại https://tiktok.com/@brandx,['#vlog'], movie_buff ,Vietnam,ja,personal,0,True,2022-02-24,18-24,other,Entertainment
P00288,YouTube,U062,foodlover,2025-03-02 01:40:00,  KHÁCH HÀNG NÓI GÌ VỀ BRAND X? #WINTER #HOTTREND @MINH.NGUYEN XEM CHI TIẾT TẠI HTTPS://TIKTOK.COM/@BRANDX   ,1365,361,561,neutral,USA,2025-03-02,1,2287,khách hàng nói gì về brand x? #winter #hottrend @minh.nguyen xem chi tiết tại https://tiktok.com/@brandx,"['#winter', '#hottrend']", movie_buff ,Vietnam,ja,personal,0,True,2022-02-24,18-24,other,Entertainment
P00075,TikTok,U073,lifeoflinh,2025-02-04 06:42:00,  LIVE STREAM ON TIKTOK TONIGHT! #TIKTOKTREND #SUMMER JOIN US @HOA.LE HTTPS://EXAMPLE.COM/BLOG   ,0,664,309,negative,UK,2025-02-04,6,973,live stream on tiktok tonight! #tiktoktrend #summer join us @hoa.le https://example.com/blog,"['#tiktoktrend', '#summer']", NGOC.TRINH458 ,Thailand,ko,personal,1462,False,2020-10-09,18-24,other,Entertainment
P00256,Instagram,U073,john.smith,2025-02-11 17:46:00,    live  stream  on  instagram  tonight!  #tiktoktrend  #vlog  join  us  @review.channel  https://youtu.be/xyz123        😂,695,408,147,neutral,Korea,2025-02-11,17,1250,live stream on instagram tonight! #tiktoktrend #vlog join us @review.channel https://youtu.be/xyz123 😂,"['#tiktoktrend', '#vlog']", NGOC.TRINH458 ,Thailand,ko,personal,1462,False,2020-10-09,18-24,other,Entertainment
P00490,Instagram,U073,john.smith,2025-03-23 18:15:00,  Bạn đã thử sản phẩm mới chưa? #travel @tech.guru Review ngay tại https://brandx.com    🔥,838,37,0,negative,Korea,2025-03-23,18,875,bạn đã thử sản phẩm mới chưa? #travel @tech.guru review ngay tại https://brandx.com 🔥,['#travel'], NGOC.TRINH458 ,Thailand,ko,personal,1462,False,2020-10-09,18-24,other,Entertainment
P00077,TikTok,U006,movie_buff,2025-01-17 14:14:00,  BẠN ĐÃ THỬ SẢN PHẨM MỚI CHƯA? #BRANDX @HOA.LE REVIEW NGAY TẠI HTTPS://TIKTOK.COM/@BRANDX   ,4139,491,0,neutral,UK,2025-01-17,14,4630,bạn đã thử sản phẩm mới chưa? #brandx @hoa.le review ngay tại https://tiktok.com/@brandx,['#brandx'], travel.with.me  ⭐,UK,th,influencer,0,False,,25-34,male,Entertainment
P00080,Facebook,U079,ngoc.trinh,2025-01-09 06:48:00,    big  update:  #brandx  is  now  available.  limited  promo  #backtoschool  @lan.tran  https://tiktok.com/@brandx        😀,1388,335,54,positive,USA,2025-01-09,6,1777,big update: #brandx is now available. limited promo #backtoschool @lan.tran https://tiktok.com/@brandx 😀,"['#brandx', '#backtoschool']", minh.nguyen ,Germany,en,personal,2680,True,,18-24,male,Entertainment
P00083,Instagram,U051,chef.tasty,2025-03-24 14:13:00,  KHÁCH HÀNG NÓI GÌ VỀ BRAND X? #TIKTOKTREND #BRANDX @TRAVEL.WITH.ME XEM CHI TIẾT TẠI HTTPS://EXAMPLE.COM/BLOG    💥,520,134,126,positive,Japan,2025-03-24,14,780,khách hàng nói gì về brand x? #tiktoktrend #brandx @travel.with.me xem chi tiết tại https://example.com/blog 💥,"['#tiktoktrend', '#brandx']", brandX_official ,Thailand,th,media,0,False,,,other,Finance
P00250,Twitter,U051,travel.with.me,2025-01-24 19:27:00,  bạn đã thử sản phẩm mới chưa? #giveaway @game.stream review ngay tại http://bit.ly/deal    💥,0,200,0,negative,Thailand,2025-01-24,19,200,bạn đã thử sản phẩm mới chưa? #giveaway @game.stream review ngay tại http://bit.ly/deal 💥,['#giveaway'], brandX_official ,Thailand,th,media,0,False,,,other,Finance
P00095,Twitter,U029,ngoc.trinh,2025-02-10 10:05:00,  Khách hàng nói gì về Brand X? #giveaway #music @ngoc.trinh Xem chi tiết tại https://youtu.be/xyz123    👍,0,0,165,neutral,Japan,2025-02-10,10,165,khách hàng nói gì về brand x? #giveaway #music @ngoc.trinh xem chi tiết tại https://youtu.be/xyz123 👍,"['#giveaway', '#music']",foodlover787,Germany,ja,personal,4226,False,2024-08-10,25-34,female,Retail
P00163,YouTube,U029,john.smith,2025-02-05 22:17:00,  LIVE STREAM ON YOUTUBE TONIGHT! #WINTER #FOOD JOIN US @FOOTBALL_FEVER HTTP://BIT.LY/DEAL   ,1336,620,265,positive,Germany,2025-02-05,22,2221,live stream on youtube tonight! #winter #food join us @football_fever http://bit.ly/deal,"['#winter', '#food']",foodlover787,Germany,ja,personal,4226,False,2024-08-10,25-34,female,Retail
P00165,Twitter,U029,chef.tasty,2025-01-21 08:32:00,BẠN  ĐÃ  THỬ  SẢN  PHẨM  MỚI  CHƯA?  #SUMMER  @FOODLOVER  REVIEW  NGAY  TẠI  HTTPS://EXAMPLE.COM/BLOG,0,120,126,neutral,Germany,2025-01-21,8,246,bạn đã thử sản phẩm mới chưa? #summer @foodlover review ngay tại https://example.com/blog,['#summer'],foodlover787,Germany,ja,personal,4226,False,2024-08-10,25-34,female,Retail
P00391,YouTube,U029,brandX_official,2025-02-18 03:37:00,  top 5 tips for better results with brand x #hottrend @football_fever more info: https://example.com/blog   ,1251,307,215,positive,UK,2025-02-18,3,1773,top 5 tips for better results with brand x #hottrend @football_fever more info: https://example.com/blog,['#hottrend'],foodlover787,Germany,ja,personal,4226,False,2024-08-10,25-34,female,Retail
P00098,YouTube,U007,game.stream,2025-02-20 19:27:00,  big update: #sale is now available. limited promo #food @foodlover http://bit.ly/deal   ,0,220,0,positive,USA,2025-02-20,19,220,big update: #sale is now available. limited promo #food @foodlover http://bit.ly/deal,"['#sale', '#food']",NEWS.TODAY,UK,vi,personal,245,True,,25-34,other,Travel
P00374,TikTok,U007,john.smith,2025-01-29 23:25:00,  khách hàng nói gì về brand x? #blackfriday #noel @tech.guru xem chi tiết tại https://brandx.com   ,603,569,31,neutral,Germany,2025-01-29,23,1203,khách hàng nói gì về brand x? #blackfriday #noel @tech.guru xem chi tiết tại https://brandx.com,"['#blackfriday', '#noel']",NEWS.TODAY,UK,vi,personal,245,True,,25-34,other,Travel
P00452,TikTok,U007,sara.kim,2025-03-01 05:14:00,BẠN ĐÃ THỬ SẢN PHẨM MỚI CHƯA? #NOEL @FOOTBALL_FEVER REVIEW NGAY TẠI HTTP://BIT.LY/DEAL,4554,710,456,negative,Korea,2025-03-01,5,5720,bạn đã thử sản phẩm mới chưa? #noel @football_fever review ngay tại http://bit.ly/deal,['#noel'],NEWS.TODAY,UK,vi,personal,245,True,,25-34,other,Travel
P00101,Facebook,U031,ngoc.trinh,2025-01-29 08:54:00,big update: #sale is now available. limited promo #backtoschool @music_fan https://example.com/blog 😂,2352,32,99,neutral,Germany,2025-01-29,8,2483,big update: #sale is now available. limited promo #backtoschool @music_fan https://example.com/blog 😂,"['#sale', '#backtoschool']",football_fever204,Thailand,th,personal,4183,False,,35-44,male,Technology
P00110,Instagram,U074,brandX_official,2025-02-10 01:10:00,Feeling  great  today  with  #hottrend!  Comment  your  thoughts  @review.channel  https://brandx.com,1176,145,199,positive,Vietnam,2025-02-10,1,1520,feeling great today with #hottrend! comment your thoughts @review.channel https://brandx.com,['#hottrend'], brandX_official949 ,Germany,de,influencer,0,True,,35-44,female,Retail
P00339,Instagram,U074,sara.kim,2025-03-25 04:58:00,  FEELING GREAT TODAY WITH #HOTTREND! COMMENT YOUR THOUGHTS @SARA.KIM HTTPS://EXAMPLE.COM/BLOG    👍,1545,152,134,positive,Thailand,2025-03-25,4,1831,feeling great today with #hottrend! comment your thoughts @sara.kim https://example.com/blog 👍,['#hottrend'], brandX_official949 ,Germany,de,influencer,0,True,,35-44,female,Retail
P00112,Instagram,U070,lifeoflinh,2025-02-05 03:11:00,  KHÁCH HÀNG NÓI GÌ VỀ BRAND X? #FOOTBALL #MUSIC @NGOC.TRINH XEM CHI TIẾT TẠI HTTPS://YOUTU.BE/XYZ123    😂,79,86,138,positive,Korea,2025-02-05,3,303,khách hàng nói gì về brand x? #football #music @ngoc.trinh xem chi tiết tại https://youtu.be/xyz123 😂,"['#football', '#music']",minh.nguyen,USA,en,personal,1281,False,2020-10-26,45-54,other,Food & Beverage
P00236,Instagram,U070,music_fan,2025-03-25 22:51:00,  CHECK OUT OUR NEW CAMPAIGN #BRANDX ON INSTAGRAM! THANKS @NGOC.TRINH FOR SHARING THE NEWS. HTTPS://BRANDX.COM    🔥,1277,207,0,negative,Korea,2025-03-25,22,1484,check out our new campaign #brandx on instagram! thanks @ngoc.trinh for sharing the news. https://brandx.com 🔥,['#brandx'],minh.nguyen,USA,en,personal,1281,False,2020-10-26,45-54,other,Food & Beverage
P00296,Twitter,U070,tech.guru,2025-02-28 23:48:00,Top  5  tips  for  better  results  with  Brand  X  #vlog  @john.smith  More  info:  https://youtu.be/xyz123  ❤️,1502,0,196,negative,Germany,2025-02-28,23,1698,top 5 tips for better results with brand x #vlog @john.smith more info: https://youtu.be/xyz123 ❤️,['#vlog'],minh.nguyen,USA,en,personal,1281,False,2020-10-26,45-54,other,Food & Beverage
P00416,Facebook,U070,foodlover,2025-03-09 11:24:00,  BẠN ĐÃ THỬ SẢN PHẨM MỚI CHƯA? #FOOD @DAILY.VLOG REVIEW NGAY TẠI HTTPS://YOUTU.BE/XYZ123   ,1481,0,119,positive,Thailand,2025-03-09,11,1600,bạn đã thử sản phẩm mới chưa? #food @daily.vlog review ngay tại https://youtu.be/xyz123,['#food'],minh.nguyen,USA,en,personal,1281,False,2020-10-26,45-54,other,Food & Beverage
P00436,Facebook,U070,game.stream,2025-03-31 15:52:00,  Live stream on Facebook tonight! #promo #winter Join us @ngoc.trinh https://brandx.com    😂,2405,137,387,neutral,USA,2025-03-31,15,2929,live stream on facebook tonight! #promo #winter join us @ngoc.trinh https://brandx.com 😂,"['#promo', '#winter']",minh.nguyen,USA,en,personal,1281,False,2020-10-26,45-54,other,Food & Beverage
P00116,Twitter,U069,music_fan,2025-03-05 10:17:00,Big update: #food is now available. Limited promo #newproduct @john.smith https://example.com/blog,1463,73,344,neutral,Thailand,2025-03-05,10,1880,big update: #food is now available. limited promo #newproduct @john.smith https://example.com/blog,"['#food', '#newproduct']", deal.hunter ,France,fr,personal,4189,True,,18-24,male,Finance 🔥
P00122,YouTube,U055,movie_buff,2025-03-06 14:24:00,  check out our new campaign #tiktoktrend on youtube! thanks @sara.kim for sharing the news. http://bit.ly/deal   ,0,771,390,neutral,Korea,2025-03-06,14,1161,check out our new campaign #tiktoktrend on youtube! thanks @sara.kim for sharing the news. http://bit.ly/deal,['#tiktoktrend'], tech.guru730  ❤️,USA,en,media,188270,False,,25-34,other,Education
P00231,Facebook,U055,chef.tasty,2025-03-21 17:33:00,  BẠN ĐÃ THỬ SẢN PHẨM MỚI CHƯA? #TIKTOKTREND @LIFEOFLINH REVIEW NGAY TẠI HTTPS://BRANDX.COM    ❤️,1303,0,326,negative,Germany,2025-03-21,17,1629,bạn đã thử sản phẩm mới chưa? #tiktoktrend @lifeoflinh review ngay tại https://brandx.com ❤️,['#tiktoktrend'], tech.guru730  ❤️,USA,en,media,188270,False,,25-34,other,Education
P00251,TikTok,U055,music_fan,2025-03-09 18:59:00,    BIG  UPDATE:  #VLOG  IS  NOW  AVAILABLE.  LIMITED  PROMO  #FOOD  @GAME.STREAM  HTTPS://EXAMPLE.COM/BLOG        ❤️,0,0,143,positive,USA,2025-03-09,18,143,big update: #vlog is now available. limited promo #food @game.stream https://example.com/blog ❤️,"['#vlog', '#food']", tech.guru730  ❤️,USA,en,media,188270,False,,25-34,other,Education
P00347,Facebook,U055,review.channel,2025-02-17 03:44:00,big update: #winter is now available. limited promo #giveaway @tech.guru http://bit.ly/deal,106,492,344,negative,Vietnam,2025-02-17,3,942,big update: #winter is now available. limited promo #giveaway @tech.guru http://bit.ly/deal,"['#winter', '#giveaway']", tech.guru730  ❤️,USA,en,media,188270,False,,25-34,other,Education
P00125,Twitter,U026,hoa.le,2025-01-29 06:35:00,  TOP 5 TIPS FOR BETTER RESULTS WITH BRAND X #TIKTOKTREND @LAN.TRAN MORE INFO: HTTPS://YOUTU.BE/XYZ123    💥,755,229,170,positive,Korea,2025-01-29,6,1154,top 5 tips for better results with brand x #tiktoktrend @lan.tran more info: https://youtu.be/xyz123 💥,['#tiktoktrend'], DEAL.HUNTER937 ,Vietnam,fr,influencer,287869,False,,35-44,female,Entertainment
P00138,TikTok,U026,brandX_official,2025-03-19 03:01:00,  Top 5 tips for better results with Brand X #winter @john.smith More info: https://tiktok.com/@brandx   ,3916,726,280,negative,Vietnam,2025-03-19,3,4922,top 5 tips for better results with brand x #winter @john.smith more info: https://tiktok.com/@brandx,['#winter'], DEAL.HUNTER937 ,Vietnam,fr,influencer,287869,False,,35-44,female,Entertainment
P00310,Twitter,U026,chef.tasty,2025-03-16 23:27:00,  feeling great today with #newproduct! comment your thoughts @brandx_official https://brandx.com   ,2055,398,290,neutral,Germany,2025-03-16,23,2743,feeling great today with #newproduct! comment your thoughts @brandx_official https://brandx.com,['#newproduct'], DEAL.HUNTER937 ,Vietnam,fr,influencer,287869,False,,35-44,female,Entertainment
P00139,Instagram,U042,john.smith,2025-02-04 03:55:00,  BIG UPDATE: #WINTER IS NOW AVAILABLE. LIMITED PROMO #FOOD @MOVIE_BUFF HTTPS://BRANDX.COM   ,1060,32,282,neutral,UK,2025-02-04,3,1374,big update: #winter is now available. limited promo #food @movie_buff https://brandx.com,"['#winter', '#food']",daily.vlog1,UK,ko,personal,4437,False,2021-06-12,,male,Travel
P00159,YouTube,U042,lifeoflinh,2025-02-01 21:51:00,  TOP 5 TIPS FOR BETTER RESULTS WITH BRAND X #SUMMER @TECH.GURU MORE INFO: HTTPS://BRANDX.COM   ,88,328,543,negative,Vietnam,2025-02-01,21,959,top 5 tips for better results with brand x #summer @tech.guru more info: https://brandx.com,['#summer'],daily.vlog1,UK,ko,personal,4437,False,2021-06-12,,male,Travel
P00202,Facebook,U042,music_fan,2025-03-09 19:57:00,  Feeling great today with #summer! Comment your thoughts @football_fever https://youtu.be/xyz123   ,0,0,142,positive,Vietnam,2025-03-09,19,142,feeling great today with #summer! comment your thoughts @football_fever https://youtu.be/xyz123,['#summer'],daily.vlog1,UK,ko,personal,4437,False,2021-06-12,,male,Travel
P00146,YouTube,U064,music_fan,2025-01-01 22:33:00,  CHECK OUT OUR NEW CAMPAIGN #HOTTREND ON YOUTUBE! THANKS @CHEF.TASTY FOR SHARING THE NEWS. HTTPS://TIKTOK.COM/@BRANDX    👍,2742,386,72,negative,UK,2025-01-01,22,3200,check out our new campaign #hottrend on youtube! thanks @chef.tasty for sharing the news. https://tiktok.com/@brandx 👍,['#hottrend'], football_fever  ⭐,USA,vi,media,542696,False,,18-24,other,Travel
P00149,Instagram,U022,minh.nguyen,2025-02-04 11:12:00,  TOP 5 TIPS FOR BETTER RESULTS WITH BRAND X #TIKTOKTREND @MUSIC_FAN MORE INFO: HTTPS://YOUTU.BE/XYZ123   ,0,55,110,neutral,UK,2025-02-04,11,165,top 5 tips for better results with brand x #tiktoktrend @music_fan more info: https://youtu.be/xyz123,['#tiktoktrend'], sara.kim456 ,Japan,ko,media,385623,False,,35-44,female,Retail 😀
P00157,Instagram,U016,john.smith,2025-02-24 23:44:00,  BẠN ĐÃ THỬ SẢN PHẨM MỚI CHƯA? #HOTTREND @BRANDX_OFFICIAL REVIEW NGAY TẠI HTTPS://EXAMPLE.COM/BLOG   ,933,0,367,positive,Germany,2025-02-24,23,1300,bạn đã thử sản phẩm mới chưa? #hottrend @brandx_official review ngay tại https://example.com/blog,['#hottrend'], NEWS.TODAY ,Korea,de,media,517253,False,,25-34,other,Food & Beverage
P00164,Facebook,U060,john.smith,2025-01-27 23:56:00,feeling great today with #newproduct! comment your thoughts @music_fan https://tiktok.com/@brandx 😂,0,98,0,neutral,Thailand,2025-01-27,23,98,feeling great today with #newproduct! comment your thoughts @music_fan https://tiktok.com/@brandx 😂,['#newproduct'],NGOC.TRINH32,Korea,en,personal,968,True,,18-24,other,Travel
P00281,Twitter,U060,sara.kim,2025-02-15 10:21:00,    Big  update:  #BrandX  is  now  available.  Limited  promo  #food  @chef.tasty  https://brandx.com      ,1024,0,94,positive,Korea,2025-02-15,10,1118,big update: #brandx is now available. limited promo #food @chef.tasty https://brandx.com,"['#brandx', '#food']",NGOC.TRINH32,Korea,en,personal,968,True,,18-24,other,Travel
P00299,Instagram,U060,music_fan,2025-03-08 00:13:00,  bạn đã thử sản phẩm mới chưa? #summer @review.channel review ngay tại http://bit.ly/deal   ,1436,49,305,negative,USA,2025-03-08,0,1790,bạn đã thử sản phẩm mới chưa? #summer @review.channel review ngay tại http://bit.ly/deal,['#summer'],NGOC.TRINH32,Korea,en,personal,968,True,,18-24,other,Travel
P00168,YouTube,U001,lifeoflinh,2025-01-24 15:15:00,  TOP 5 TIPS FOR BETTER RESULTS WITH BRAND X #SUMMER @GAME.STREAM MORE INFO: HTTPS://EXAMPLE.COM/BLOG    ❤️,3370,606,301,positive,Vietnam,2025-01-24,15,4277,top 5 tips for better results with brand x #summer @game.stream more info: https://example.com/blog ❤️,['#summer'],NGOC.TRINH446,Germany,fr,media,47302,True,2023-07-11,18-24,female,Sports
P00169,YouTube,U044,ngoc.trinh,2025-01-13 14:57:00,  BẠN ĐÃ THỬ SẢN PHẨM MỚI CHƯA? #FOOD @BRANDX_OFFICIAL REVIEW NGAY TẠI HTTPS://EXAMPLE.COM/BLOG    ❤️,1000,582,291,negative,Thailand,2025-01-13,14,1873,bạn đã thử sản phẩm mới chưa? #food @brandx_official review ngay tại https://example.com/blog ❤️,['#food'],MINH.NGUYEN364 🔥,Korea,th,personal,0,True,2021-12-13,35-44,other,Sports ❤️
P00491,Facebook,U044,chef.tasty,2025-03-16 11:20:00,FEELING GREAT TODAY WITH #VLOG! COMMENT YOUR THOUGHTS @LAN.TRAN HTTPS://BRANDX.COM 😂,784,136,385,neutral,Japan,2025-03-16,11,1305,feeling great today with #vlog! comment your thoughts @lan.tran https://brandx.com 😂,['#vlog'],MINH.NGUYEN364 🔥,Korea,th,personal,0,True,2021-12-13,35-44,other,Sports ❤️
P00173,Twitter,U013,travel.with.me,2025-01-28 12:05:00,  BẠN ĐÃ THỬ SẢN PHẨM MỚI CHƯA? #PROMO @NGOC.TRINH REVIEW NGAY TẠI HTTPS://EXAMPLE.COM/BLOG   ,0,209,0,neutral,USA,2025-01-28,12,209,bạn đã thử sản phẩm mới chưa? #promo @ngoc.trinh review ngay tại https://example.com/blog,['#promo'], chef.tasty120 ,USA,th,brand,80635,False,2022-08-27,35-44,female,Food & Beverage
P00176,Instagram,U040,sara.kim,2025-02-20 18:55:00,  feeling great today with #sale! comment your thoughts @music_fan http://bit.ly/deal    🔥,1330,0,334,neutral,Vietnam,2025-02-20,18,1664,feeling great today with #sale! comment your thoughts @music_fan http://bit.ly/deal 🔥,['#sale'],Unknown,UK,fr,personal,4066,False,,35-44,female,Sports 😀
P00475,Facebook,U040,movie_buff,2025-03-30 22:03:00,  KHÁCH HÀNG NÓI GÌ VỀ BRAND X? #BLACKFRIDAY #TRAVEL @DAILY.VLOG XEM CHI TIẾT TẠI HTTPS://EXAMPLE.COM/BLOG   ,2225,287,331,negative,Korea,2025-03-30,22,2843,khách hàng nói gì về brand x? #blackfriday #travel @daily.vlog xem chi tiết tại https://example.com/blog,"['#blackfriday', '#travel']",Unknown,UK,fr,personal,4066,False,,35-44,female,Sports 😀
P00178,Facebook,U037,travel.with.me,2025-03-03 07:14:00,  big update: #food is now available. limited promo #giveaway @minh.nguyen https://youtu.be/xyz123   ,2028,108,32,negative,Korea,2025-03-03,7,2168,big update: #food is now available. limited promo #giveaway @minh.nguyen https://youtu.be/xyz123,"['#food', '#giveaway']",REVIEW.CHANNEL405,USA,de,creator,169373,False,,18-24,female,Retail
P00183,Facebook,U005,sara.kim,2025-02-09 01:25:00,  Top 5 tips for better results with Brand X #food @minh.nguyen More info: https://example.com/blog    👍,2268,0,304,neutral,Korea,2025-02-09,1,2572,top 5 tips for better results with brand x #food @minh.nguyen more info: https://example.com/blog 👍,['#food'],chef.tasty606,France,de,personal,2030,False,2019-12-05,25-34,other,Sports
P00193,YouTube,U041,football_fever,2025-01-31 18:21:00,  Top 5 tips for better results with Brand X #food @daily.vlog More info: http://bit.ly/deal   ,1135,45,73,positive,Thailand,2025-01-31,18,1253,top 5 tips for better results with brand x #food @daily.vlog more info: http://bit.ly/deal,['#food'],tech.guru,Thailand,de,media,0,True,,35-44,other,Travel
P00207,Instagram,U049,tech.guru,2025-03-27 19:11:00,Feeling great today with #food! Comment your thoughts @hoa.le https://youtu.be/xyz123,422,400,329,positive,Vietnam,2025-03-27,19,1151,feeling great today with #food! comment your thoughts @hoa.le https://youtu.be/xyz123,['#food'], NEWS.TODAY741  ⭐,UK,th,personal,3511,False,,35-44,other,Finance
P00215,YouTube,U050,football_fever,2025-02-04 15:52:00,KHÁCH HÀNG NÓI GÌ VỀ BRAND X? #WINTER #TIKTOKTREND @DAILY.VLOG XEM CHI TIẾT TẠI HTTPS://TIKTOK.COM/@BRANDX ❤️,3933,50,0,negative,Japan,2025-02-04,15,3983,khách hàng nói gì về brand x? #winter #tiktoktrend @daily.vlog xem chi tiết tại https://tiktok.com/@brandx ❤️,"['#winter', '#tiktoktrend']",brandx_official,UK,en,personal,1928,True,,,male,Sports
P00217,Twitter,U053,,2025-01-07 10:13:00,Big update: #tiktoktrend is now available. Limited promo #promo @game.stream https://brandx.com 😀,2319,333,154,positive,UK,2025-01-07,10,2806,big update: #tiktoktrend is now available. limited promo #promo @game.stream https://brandx.com 😀,"['#tiktoktrend', '#promo']", hoa.le ,Japan,de,brand,293227,True,2019-10-06,25-34,female,Entertainment  ⭐
P00223,Facebook,U014,chef.tasty,2025-02-27 02:34:00,Feeling great today with #winter! Comment your thoughts @daily.vlog http://bit.ly/deal 😀,74,150,378,positive,Vietnam,2025-02-27,2,602,feeling great today with #winter! comment your thoughts @daily.vlog http://bit.ly/deal 😀,['#winter'], lan.tran ,Vietnam,fr,personal,254,False,,25-34,other,
P00311,Twitter,U014,game.stream,2025-01-08 12:12:00,    BIG  UPDATE:  #TRAVEL  IS  NOW  AVAILABLE.  LIMITED  PROMO  #PROMO  @CHEF.TASTY  HTTPS://EXAMPLE.COM/BLOG      ,2461,329,9,neutral,Japan,2025-01-08,12,2799,big update: #travel is now available. limited promo #promo @chef.tasty https://example.com/blog,"['#travel', '#promo']", lan.tran ,Vietnam,fr,personal,254,False,,25-34,other,
P00239,TikTok,U056,foodlover,2025-01-12 07:50:00,feeling great today with #summer! comment your thoughts @game.stream https://tiktok.com/@brandx,4804,0,84,neutral,Japan,2025-01-12,7,4888,feeling great today with #summer! comment your thoughts @game.stream https://tiktok.com/@brandx,['#summer'],music_fan,Japan,ja,personal,3336,False,2022-02-22,25-34,other,Technology
P00248,YouTube,U043,football_fever,2025-01-12 00:52:00,LIVE STREAM ON YOUTUBE TONIGHT! #NOEL #BLACKFRIDAY JOIN US @FOOTBALL_FEVER HTTPS://TIKTOK.COM/@BRANDX 💥,279,715,218,positive,Japan,2025-01-12,0,1212,live stream on youtube tonight! #noel #blackfriday join us @football_fever https://tiktok.com/@brandx 💥,"['#noel', '#blackfriday']",game.stream,Korea,de,personal,1047,False,,35-44,male,Retail
P00262,TikTok,U043,lan.tran,2025-01-24 03:53:00,  bạn đã thử sản phẩm mới chưa? #sale @sara.kim review ngay tại https://example.com/blog    👍,3763,329,0,negative,UK,2025-01-24,3,4092,bạn đã thử sản phẩm mới chưa? #sale @sara.kim review ngay tại https://example.com/blog 👍,['#sale'],game.stream,Korea,de,personal,1047,False,,35-44,male,Retail
P00363,Facebook,U043,ngoc.trinh,2025-03-09 23:01:00,  Khách hàng nói gì về Brand X? #summer #BrandX @foodlover Xem chi tiết tại https://youtu.be/xyz123    😀,2498,265,349,neutral,Vietnam,2025-03-09,23,3112,khách hàng nói gì về brand x? #summer #brandx @foodlover xem chi tiết tại https://youtu.be/xyz123 😀,"['#summer', '#brandx']",game.stream,Korea,de,personal,1047,False,,35-44,male,Retail
P00439,Facebook,U043,minh.nguyen,2025-03-19 16:31:00,    KHÁCH  HÀNG  NÓI  GÌ  VỀ  BRAND  X?  #FOOTBALL  #SALE  @JOHN.SMITH  XEM  CHI  TIẾT  TẠI  HTTP://BIT.LY/DEAL        👍,1234,471,0,positive,Thailand,2025-03-19,16,1705,khách hàng nói gì về brand x? #football #sale @john.smith xem chi tiết tại http://bit.ly/deal 👍,"['#football', '#sale']",game.stream,Korea,de,personal,1047,False,,35-44,male,Retail
P00249,Twitter,U019,john.smith,2025-01-11 10:19:00,LIVE  STREAM  ON  TWITTER  TONIGHT!  #BACKTOSCHOOL  #NOEL  JOIN  US  @MINH.NGUYEN  HTTP://BIT.LY/DEAL,1069,188,332,negative,Vietnam,2025-01-11,10,1589,live stream on twitter tonight! #backtoschool #noel join us @minh.nguyen http://bit.ly/deal,"['#backtoschool', '#noel']",travel.with.me45,Germany,de,personal,2123,True,2023-10-15,45-54,male,Sports
P00255,Twitter,U048,sara.kim,2025-02-27 04:50:00,    LIVE  STREAM  ON  TWITTER  TONIGHT!  #SUMMER  #BLACKFRIDAY  JOIN  US  @HOA.LE  HTTPS://BRANDX.COM      ,297,0,281,positive,Germany,2025-02-27,4,578,live stream on twitter tonight! #summer #blackfriday join us @hoa.le https://brandx.com,"['#summer', '#blackfriday']", NEWS.TODAY ,Germany,ko,personal,4066,False,2019-08-17,45-54,female,Travel
P00259,YouTube,U061,daily.vlog,2025-02-07 02:49:00,  top 5 tips for better results with brand x #noel @minh.nguyen more info: https://tiktok.com/@brandx   ,0,292,138,positive,Germany,2025-02-07,2,430,top 5 tips for better results with brand x #noel @minh.nguyen more info: https://tiktok.com/@brandx,['#noel'],LAN.TRAN13 ❤️,Korea,en,creator,324372,True,,18-24,other,Food & Beverage
P00321,TikTok,U061,john.smith,2025-02-05 00:44:00,  BẠN ĐÃ THỬ SẢN PHẨM MỚI CHƯA? #TIKTOKTREND @NGOC.TRINH REVIEW NGAY TẠI HTTPS://YOUTU.BE/XYZ123    💥,4025,529,511,negative,Germany,2025-02-05,0,5065,bạn đã thử sản phẩm mới chưa? #tiktoktrend @ngoc.trinh review ngay tại https://youtu.be/xyz123 💥,['#tiktoktrend'],LAN.TRAN13 ❤️,Korea,en,creator,324372,True,,18-24,other,Food & Beverage
P00338,Facebook,U061,game.stream,2025-03-18 16:02:00,top 5 tips for better results with brand x #hottrend @game.stream more info: https://example.com/blog ❤️,561,194,181,neutral,Thailand,2025-03-18,16,936,top 5 tips for better results with brand x #hottrend @game.stream more info: https://example.com/blog ❤️,['#hottrend'],LAN.TRAN13 ❤️,Korea,en,creator,324372,True,,18-24,other,Food & Beverage
P00396,Facebook,U061,movie_buff,2025-03-16 06:00:00,    FEELING  GREAT  TODAY  WITH  #BACKTOSCHOOL!  COMMENT  YOUR  THOUGHTS  @DAILY.VLOG  HTTPS://TIKTOK.COM/@BRANDX        ❤️,1283,79,0,negative,Japan,2025-03-16,6,1362,feeling great today with #backtoschool! comment your thoughts @daily.vlog https://tiktok.com/@brandx ❤️,['#backtoschool'],LAN.TRAN13 ❤️,Korea,en,creator,324372,True,,18-24,other,Food & Beverage
P00269,Facebook,U036,john.smith,2025-02-19 04:20:00,    Top  5  tips  for  better  results  with  Brand  X  #music  @lan.tran  More  info:  http://bit.ly/deal      ,486,406,52,positive,Germany,2025-02-19,4,944,top 5 tips for better results with brand x #music @lan.tran more info: http://bit.ly/deal,['#music'],football_fever88 ⭐,Germany,de,personal,4808,False,,25-34,male,Sports
P00451,Facebook,U036,chef.tasty,2025-02-26 09:28:00,  Khách hàng nói gì về Brand X? #BrandX #giveaway @tech.guru Xem chi tiết tại https://tiktok.com/@brandx   ,264,160,0,neutral,USA,2025-02-26,9,424,khách hàng nói gì về brand x? #brandx #giveaway @tech.guru xem chi tiết tại https://tiktok.com/@brandx,"['#brandx', '#giveaway']",football_fever88 ⭐,Germany,de,personal,4808,False,,25-34,male,Sports
P00277,TikTok,U010,lan.tran,2025-02-17 06:40:00,TOP 5 TIPS FOR BETTER RESULTS WITH BRAND X #BRANDX @MUSIC_FAN MORE INFO: HTTPS://YOUTU.BE/XYZ123 ❤️,733,0,0,neutral,USA,2025-02-17,6,733,top 5 tips for better results with brand x #brandx @music_fan more info: https://youtu.be/xyz123 ❤️,['#brandx'], brandX_official23 ,Japan,ja,personal,759,False,,35-44,other,Retail  🔥
P00282,Instagram,U027,movie_buff,2025-03-23 12:36:00,  TOP 5 TIPS FOR BETTER RESULTS WITH BRAND X #VLOG @FOOTBALL_FEVER MORE INFO: HTTP://BIT.LY/DEAL    😀,708,387,285,neutral,USA,2025-03-23,12,1380,top 5 tips for better results with brand x #vlog @football_fever more info: http://bit.ly/deal 😀,['#vlog'], music_fan  😀,Korea,fr,creator,498587,True,2018-05-11,18-24,other,Retail
P00495,Facebook,U027,review.channel,2025-03-18 06:15:00,top  5  tips  for  better  results  with  brand  x  #giveaway  @movie_buff  more  info:  https://example.com/blog,908,372,191,neutral,Vietnam,2025-03-18,6,1471,top 5 tips for better results with brand x #giveaway @movie_buff more info: https://example.com/blog,['#giveaway'], music_fan  😀,Korea,fr,creator,498587,True,2018-05-11,18-24,other,Retail
P00287,TikTok,U063,,2025-03-05 06:30:00,  BẠN ĐÃ THỬ SẢN PHẨM MỚI CHƯA? #NEWPRODUCT @MUSIC_FAN REVIEW NGAY TẠI HTTPS://BRANDX.COM   ,0,36,56,positive,UK,2025-03-05,6,92,bạn đã thử sản phẩm mới chưa? #newproduct @music_fan review ngay tại https://brandx.com,['#newproduct'],Unknown,Japan,ja,personal,0,False,2023-11-03,45-54,female,Beauty & Fashion
P00289,TikTok,U033,travel.with.me,2025-02-28 20:50:00,  feeling great today with #noel! comment your thoughts @sara.kim https://example.com/blog   ,2067,0,360,positive,USA,2025-02-28,20,2427,feeling great today with #noel! comment your thoughts @sara.kim https://example.com/blog,['#noel'], football_fever860 ,France,de,personal,0,False,,18-24,male,Education
P00329,TikTok,U033,movie_buff,2025-01-14 17:32:00,    BẠN  ĐÃ  THỬ  SẢN  PHẨM  MỚI  CHƯA?  #PROMO  @GAME.STREAM  REVIEW  NGAY  TẠI  HTTPS://BRANDX.COM      ,1796,242,0,positive,USA,2025-01-14,17,2038,bạn đã thử sản phẩm mới chưa? #promo @game.stream review ngay tại https://brandx.com,['#promo'], football_fever860 ,France,de,personal,0,False,,18-24,male,Education
P00343,TikTok,U033,brandX_official,2025-02-10 08:10:00,Live stream on TikTok tonight! #newproduct #football Join us @movie_buff http://bit.ly/deal 💥,0,121,498,neutral,Germany,2025-02-10,8,619,live stream on tiktok tonight! #newproduct #football join us @movie_buff http://bit.ly/deal 💥,"['#newproduct', '#football']", football_fever860 ,France,de,personal,0,False,,18-24,male,Education
P00307,TikTok,U025,movie_buff,2025-03-23 23:18:00,  TOP 5 TIPS FOR BETTER RESULTS WITH BRAND X #VLOG @SARA.KIM MORE INFO: HTTPS://BRANDX.COM    🔥,1270,93,99,negative,USA,2025-03-23,23,1462,top 5 tips for better results with brand x #vlog @sara.kim more info: https://brandx.com 🔥,['#vlog'], chef.tasty ,Japan,fr,media,632265,False,2021-07-10,18-24,female,Technology
P00368,Facebook,U039,lifeoflinh,2025-02-02 05:00:00,  bạn đã thử sản phẩm mới chưa? #brandx @football_fever review ngay tại https://youtu.be/xyz123    😂,624,75,266,negative,Thailand,2025-02-02,5,965,bạn đã thử sản phẩm mới chưa? #brandx @football_fever review ngay tại https://youtu.be/xyz123 😂,['#brandx'],REVIEW.CHANNEL732,UK,de,personal,4679,False,2024-01-08,25-34,male,Finance
P00383,Instagram,U032,hoa.le,2025-01-04 06:05:00,BẠN ĐÃ THỬ SẢN PHẨM MỚI CHƯA? #MUSIC @REVIEW.CHANNEL REVIEW NGAY TẠI HTTPS://EXAMPLE.COM/BLOG,1451,0,0,neutral,USA,2025-01-04,6,1451,bạn đã thử sản phẩm mới chưa? #music @review.channel review ngay tại https://example.com/blog,['#music'],brandX_official170,Japan,th,personal,4062,False,2019-01-21,25-34,female,Food & Beverage ❤️
P00419,Twitter,U032,lifeoflinh,2025-02-24 09:45:00,Big update: #music is now available. Limited promo #backtoschool @review.channel http://bit.ly/deal 🔥,2205,0,298,negative,Thailand,2025-02-24,9,2503,big update: #music is now available. limited promo #backtoschool @review.channel http://bit.ly/deal 🔥,"['#music', '#backtoschool']",brandX_official170,Japan,th,personal,4062,False,2019-01-21,25-34,female,Food & Beverage ❤️
P00390,Twitter,U030,tech.guru,2025-02-27 14:30:00,  FEELING GREAT TODAY WITH #NEWPRODUCT! COMMENT YOUR THOUGHTS @MINH.NGUYEN HTTPS://YOUTU.BE/XYZ123   ,2177,0,395,positive,Germany,2025-02-27,14,2572,feeling great today with #newproduct! comment your thoughts @minh.nguyen https://youtu.be/xyz123,['#newproduct'],brandX_official80,Korea,de,media,833411,True,2022-07-04,45-54,male,Beauty & Fashion
P00405,Instagram,U046,sara.kim,2025-01-02 00:22:00,  CHECK OUT OUR NEW CAMPAIGN #BLACKFRIDAY ON INSTAGRAM! THANKS @SARA.KIM FOR SHARING THE NEWS. HTTP://BIT.LY/DEAL   ,31,368,315,neutral,Germany,2025-01-02,0,714,check out our new campaign #blackfriday on instagram! thanks @sara.kim for sharing the news. http://bit.ly/deal,['#blackfriday'], BRANDX_OFFICIAL ,Germany,ja,personal,2742,True,2023-08-05,,female,Beauty & Fashion  ⭐
P00410,Twitter,U009,movie_buff,2025-03-22 21:07:00,  Khách hàng nói gì về Brand X? #giveaway #tiktoktrend @football_fever Xem chi tiết tại https://example.com/blog    😂,2245,179,0,positive,Vietnam,2025-03-22,21,2424,khách hàng nói gì về brand x? #giveaway #tiktoktrend @football_fever xem chi tiết tại https://example.com/blog 😂,"['#giveaway', '#tiktoktrend']", lifeoflinh414 ,USA,de,media,57295,True,,25-34,female,Beauty & Fashion
P00418,Facebook,U065,lan.tran,2025-02-20 18:03:00,  LIVE STREAM ON FACEBOOK TONIGHT! #BACKTOSCHOOL #WINTER JOIN US @REVIEW.CHANNEL HTTPS://YOUTU.BE/XYZ123   ,0,486,88,neutral,Vietnam,2025-02-20,18,574,live stream on facebook tonight! #backtoschool #winter join us @review.channel https://youtu.be/xyz123,"['#backtoschool', '#winter']", deal.hunter385  ❤️,Vietnam,en,influencer,94421,False,,18-24,male,Beauty & Fashion
P00425,TikTok,U080,brandX_official,2025-02-16 02:16:00,  Check out our new campaign #blackfriday on TikTok! Thanks @ngoc.trinh for sharing the news. https://youtu.be/xyz123   ,3908,358,414,negative,Vietnam,2025-02-16,2,4680,check out our new campaign #blackfriday on tiktok! thanks @ngoc.trinh for sharing the news. https://youtu.be/xyz123,['#blackfriday'], chef.tasty  ⭐,Vietnam,th,personal,3960,False,,45-54,other,Finance
P00479,Facebook,U080,chef.tasty,2025-03-03 04:35:00,top 5 tips for better results with brand x #newproduct @chef.tasty more info: https://youtu.be/xyz123 👍,1764,365,0,neutral,Korea,2025-03-03,4,2129,top 5 tips for better results with brand x #newproduct @chef.tasty more info: https://youtu.be/xyz123 👍,['#newproduct'], chef.tasty  ⭐,Vietnam,th,personal,3960,False,,45-54,other,Finance
P00429,TikTok,U047,,2025-02-22 07:52:00,live stream on tiktok tonight! #summer #giveaway join us @game.stream https://youtu.be/xyz123 🔥,3273,316,0,neutral,USA,2025-02-22,7,3589,live stream on tiktok tonight! #summer #giveaway join us @game.stream https://youtu.be/xyz123 🔥,"['#summer', '#giveaway']", game.stream351 ,France,ja,brand,383404,True,,18-24,male,Beauty & Fashion  ⭐
P00434,Facebook,U038,review.channel,2025-02-28 14:06:00,Top 5 tips for better results with Brand X #noel @game.stream More info: https://youtu.be/xyz123 💥,2143,138,0,negative,Thailand,2025-02-28,14,2281,top 5 tips for better results with brand x #noel @game.stream more info: https://youtu.be/xyz123 💥,['#noel'], news.today153  ❤️,Germany,vi,personal,3940,True,,25-34,female,Food & Beverage
P00438,Instagram,U072,ngoc.trinh,2025-03-27 10:07:00,  Check out our new campaign #newproduct on Instagram! Thanks @ngoc.trinh for sharing the news. https://youtu.be/xyz123    👍,222,281,352,negative,Germany,2025-03-27,10,855,check out our new campaign #newproduct on instagram! thanks @ngoc.trinh for sharing the news. https://youtu.be/xyz123 👍,['#newproduct'],deal.hunter,Japan,ja,personal,1726,True,2022-01-03,18-24,other,Retail  ⭐
P00464,Twitter,U052,game.stream,2025-01-12 13:08:00,  KHÁCH HÀNG NÓI GÌ VỀ BRAND X? #FOOD #VLOG @MINH.NGUYEN XEM CHI TIẾT TẠI HTTPS://TIKTOK.COM/@BRANDX   ,1108,339,31,neutral,UK,2025-01-12,13,1478,khách hàng nói gì về brand x? #food #vlog @minh.nguyen xem chi tiết tại https://tiktok.com/@brandx,"['#food', '#vlog']", lifeoflinh ,Japan,vi,brand,489620,False,,18-24,female,Food & Beverage
P00487,YouTube,U015,travel.with.me,2025-01-19 16:09:00,  FEELING GREAT TODAY WITH #NEWPRODUCT! COMMENT YOUR THOUGHTS @MUSIC_FAN HTTPS://YOUTU.BE/XYZ123   ,0,674,414,positive,USA,2025-01-19,16,1088,feeling great today with #newproduct! comment your thoughts @music_fan https://youtu.be/xyz123,['#newproduct'], hoa.le455 ,Vietnam,fr,creator,0,False,2018-06-14,25-34,male,Food & Beverage  🔥
P00499,YouTube,U003,lifeoflinh,2025-03-19 01:14:00,BIG UPDATE: #SALE IS NOW AVAILABLE. LIMITED PROMO #NEWPRODUCT @TRAVEL.WITH.ME HTTP://BIT.LY/DEAL,3844,494,330,positive,Japan,2025-03-19,1,4668,big update: #sale is now available. limited promo #newproduct @travel.with.me http://bit.ly/deal,"['#sale', '#newproduct']", news.today372  😀,Japan,ja,media,443789,False,,25-34,female,Food & Beverage
